Phosphosite	100232	103342	113971	123804	146218	179016	186481	224143	237983	258135	263578	273919	303642	326772	332131	348685	400220	407992	410324	434640	478908	498463	507202	507696	570755	594368	595704	605322	617776	700717	730817	740266	750152	757199	809653	816067	849660	868231	907786	914247	933124	982009	987523	989176	HD1_Lin-	HD2_Lin-	HD3_Lin-	100232_sd	103342_sd	113971_sd	123804_sd	146218_sd	179016_sd	186481_sd	224143_sd	237983_sd	258135_sd	263578_sd	273919_sd	303642_sd	326772_sd	332131_sd	348685_sd	400220_sd	407992_sd	410324_sd	434640_sd	478908_sd	498463_sd	507202_sd	507696_sd	570755_sd	594368_sd	595704_sd	605322_sd	617776_sd	700717_sd	730817_sd	740266_sd	750152_sd	757199_sd	809653_sd	816067_sd	849660_sd	868231_sd	907786_sd	914247_sd	933124_sd	982009_sd	987523_sd	989176_sd	HD1_Lin-.1	HD2_Lin-.1	HD3_Lin-.1
NFIC_192s	NA	NA	NA	-1.38	NA	NA	NA	NA	0.478	NA	NA	NA	NA	NA	NA	-0.033	NA	NA	NA	-0.163	NA	NA	NA	NA	NA	NA	NA	0.154	NA	NA	NA	NA	0.798	NA	NA	-0.852	NA	NA	NA	0.205	NA	NA	0.182	NA	NA	NA	NA	NA	NA	NA	NA	NA	NA	NA	NA	NA	NA	NA	NA	NA	NA	NA	NA	NA	NA	NA	NA	NA	NA	NA	NA	NA	NA	NA	NA	NA	NA	NA	NA	NA	NA	NA	NA	NA	NA	NA	NA	NA	NA	NA	NA	NA	NA	NA
NFIC_194s	0.83	0.313	0.0105	-1.0655	0.2145	1.065	-1.0705	-0.064	0.495	0.0515	0.675	-1.123	0.2075	0.8945	-0.765	-0.31	-0.4045	0.239	-0.1595	-0.4545	0.3015	0.702	-0.491	1.1935	-0.0815	0.508	0.0465	-0.3875	0.484	0.341	-1.562	0.122	0.6685	0.725	0.7945	-0.9415	-1.448	-1.2	-0.4245	-0.0085	0.8835	0.0655	0.1395	-0.2335	-1.5965	-0.772	-0.718	1.148	0.776	0.012	0.074	0.097	0.593	0.081	0.051	0.153	0.179	0.136	0.996	0.018	0.576	0.475	0.147	0.818	0.038	0.159	0.21	0.166	0.013	0.174	0.285	0.435	0.279	0.831	0.405	0.288	0.239	1.631	0.454	0.206	0.389	0.057	0.284	1.209	1.307	0.542	0.276	0.093	0.336	0.165	0.033	1.092	NA	0.659
NFIC_273s	0.344	1.0505	-0.448	-0.831	0.106	0.612	-0.468	-0.318	0.027	0.2465	-0.098	-0.206	0.1325	0.051	-0.92	0.433	0.1255	-0.542	-0.028	-0.287	0.084	0.245	-0.671	0.603	0.796	-0.242	-0.444	-0.109	0.313	1.231	0.168	0.5995	-0.137	-0.12	0.1715	-0.75	-0.308	0.1665	-1.054	-0.181	0.658	-0.366	-0.798	0.891	-0.312	-0.36	-0.339	NA	0.037	NA	NA	NA	NA	NA	NA	NA	0.457	NA	NA	0.202	NA	NA	NA	0.145	NA	NA	NA	NA	0.027	NA	NA	NA	NA	NA	NA	0.341	NA	NA	0.101	NA	NA	0.323	NA	NA	0.094	NA	NA	NA	NA	NA	NA	NA	NA	NA
NFIC_274t	NA	NA	NA	NA	-0.648	NA	NA	-0.348	NA	NA	NA	NA	NA	0.673	0.037	NA	NA	NA	-0.571	NA	0.482	NA	NA	NA	NA	NA	NA	NA	NA	NA	-0.389	NA	NA	0.303	NA	NA	NA	NA	NA	NA	-0.435	NA	NA	NA	NA	NA	NA	NA	NA	NA	NA	NA	NA	NA	NA	NA	NA	NA	NA	NA	NA	NA	NA	NA	NA	NA	NA	NA	NA	NA	NA	NA	NA	NA	NA	NA	NA	NA	NA	NA	NA	NA	NA	NA	NA	NA	NA	NA	NA	NA	NA	NA	NA	NA
NFIC_275s	NA	NA	NA	NA	-0.449	NA	NA	-0.096	NA	NA	NA	NA	NA	0.723	-0.025	NA	NA	NA	-0.623	NA	0.639	NA	NA	NA	NA	NA	NA	NA	NA	NA	-0.249	NA	NA	0.608	NA	NA	NA	NA	NA	NA	0.127	NA	NA	NA	NA	NA	NA	NA	NA	NA	NA	NA	NA	NA	NA	NA	NA	NA	NA	NA	NA	NA	NA	NA	NA	NA	NA	NA	NA	NA	NA	NA	NA	NA	NA	NA	NA	NA	NA	NA	NA	NA	NA	NA	NA	NA	NA	NA	NA	NA	NA	NA	NA	NA
NFIC_277s	0.196	0.501	0.155	-0.323	0.013	0.815	-0.808	-0.217	0.296	-0.094	0.428	-0.272	0.258	0.295	-0.529	-0.2	-0.332	0.184	-0.197	-0.131	0.001	0.418	-0.289	0.353	0.102	-0.078	0.121	-0.351	-0.044	-0.28	-0.604	-0.146	0.351	0.24	0.36	-0.526	-0.407	-0.124	-0.417	-0.017	0.395	-0.215	-0.316	-0.423	NA	NA	NA	NA	NA	NA	NA	NA	NA	NA	NA	NA	NA	NA	NA	NA	NA	NA	NA	NA	NA	NA	NA	NA	NA	NA	NA	NA	NA	NA	NA	NA	NA	NA	NA	NA	NA	NA	NA	NA	NA	NA	NA	NA	NA	NA	NA	NA	NA	NA
NFIC_304s	-0.222	NA	0.678	NA	NA	1.443	NA	NA	NA	NA	NA	NA	NA	NA	NA	NA	NA	NA	NA	NA	NA	NA	NA	0.071	NA	-0.237	0.073	NA	NA	0.249	NA	NA	NA	NA	NA	NA	NA	NA	NA	NA	NA	0.392	NA	0.201	NA	NA	NA	NA	NA	NA	NA	NA	NA	NA	NA	NA	NA	NA	NA	NA	NA	NA	NA	NA	NA	NA	NA	NA	NA	NA	NA	NA	NA	NA	NA	NA	NA	NA	NA	NA	NA	NA	NA	NA	NA	NA	NA	NA	NA	NA	NA	NA	NA	NA
NFIC_305s	-0.369	1.023	0.612	0.039	-0.45	0.985	-0.111	-0.2755	0.022	-0.006	0.972	0.19	0.425	0.331	-0.158	-0.141	-0.405	0.513	0.305	0.693	0.129	0.102	0.001	0.424	0.036	0.158	-0.075	-0.315	-0.356	0.184	-0.2715	0.398	0.793	0.056	0.404	-0.149	-0.065	0.078	-0.578	0.409	0.273	0.219	0.539	0.1215	0.502	0.264	0.491	0.103	NA	0.228	NA	0.39	0.696	NA	0.226	NA	NA	NA	NA	NA	0.178	0.027	NA	NA	NA	0.212	NA	0.018	NA	NA	0.141	NA	0.202	0.143	NA	NA	0.024	0.182	NA	NA	0.042	NA	NA	NA	NA	NA	NA	0.223	0.025	NA	0.271	NA	NA	NA
NFIC_322s	NA	NA	NA	NA	NA	NA	NA	NA	NA	NA	NA	NA	NA	NA	NA	NA	NA	NA	NA	NA	NA	NA	NA	NA	NA	NA	NA	NA	NA	NA	NA	NA	NA	NA	NA	NA	NA	NA	NA	NA	NA	NA	NA	NA	0.434	0.65	-0.4165	NA	NA	NA	NA	NA	NA	NA	NA	NA	NA	NA	NA	NA	NA	NA	NA	NA	NA	NA	NA	NA	NA	NA	NA	NA	NA	NA	NA	NA	NA	NA	NA	NA	NA	NA	NA	NA	NA	NA	NA	NA	NA	NA	NA	0.359	0.051	0.565
NFIC_323s	0.3235	0.3365	-0.1975	-1.1305	-0.0255	1.0325	-0.8015	-0.64	0.131	-0.099	1.334	0.419	0.013	0.254	-0.603	-0.5115	-0.23	0.649	0.062	-0.0665	0.135	-0.311	-0.326	0.6225	-0.5095	0.1195	0.18	-0.1805	-0.391	0.0825	-0.783	-0.206	0.1785	0.1545	0.4525	-0.8695	-0.022	-0.2675	-0.9345	0.248	0.7565	0.0485	0.115	-0.301	0.396	0.6225	-0.4165	0.122	0.63	0.213	0.084	0.269	0.309	0.176	0.672	0.257	0.182	0.105	0.115	0.177	0.349	0.045	0.251	0.095	0.007	0.776	0.67	0.1	0.431	0.137	0.409	0.09	0.759	0.198	0.343	0.055	0.234	1.153	0.02	0.155	0.288	0.317	0.057	0.054	0.47	0.023	0.334	0.196	0.25	0.099	0.29	0.057	0.267	0.004
NFIC_333s	0.048	-0.078	-0.455	-0.484	-0.198	1.786	-0.512	-0.205	-0.545	0.474	0.51	-0.202	0.174	0.038	-0.108	-0.115	-0.146	0.215	0.508	-0.366	0.324	0.376	-0.165	0.446	-0.419	-0.185	0.165	0.366	0.162	0.496	-0.229	0.007	0.393	0.342	-0.208	-0.206	0.034	-0.248	-0.227	0.334	0.807	0.034	0.409	0.123	0.642	0.803	0.909	NA	NA	NA	NA	NA	NA	NA	NA	NA	NA	NA	NA	NA	NA	NA	NA	NA	NA	NA	NA	NA	NA	NA	NA	NA	NA	NA	NA	NA	NA	NA	NA	NA	NA	NA	NA	NA	NA	NA	NA	NA	NA	NA	NA	NA	NA	NA
NFIC_337s	NA	NA	NA	-0.655	NA	NA	NA	NA	0.622	NA	NA	NA	NA	NA	NA	0.411	NA	NA	NA	0.043	NA	NA	NA	NA	NA	NA	NA	0.394	NA	NA	NA	NA	0.395	NA	NA	-0.156	NA	NA	NA	0.678	NA	NA	0.049	NA	NA	NA	NA	NA	NA	NA	NA	NA	NA	NA	NA	NA	NA	NA	NA	NA	NA	NA	NA	NA	NA	NA	NA	NA	NA	NA	NA	NA	NA	NA	NA	NA	NA	NA	NA	NA	NA	NA	NA	NA	NA	NA	NA	NA	NA	NA	NA	NA	NA	NA
NFIC_339s	-0.174	0.596	0.499	-0.4415	0.106	1.001	-0.086	-0.4105	0.3475	0.2815	0.318	-0.009	0.4825	0.223	-0.217	-0.097	0.063	-0.131	0.062	-0.1595	0.064	0.469	-0.611	0.752	0.027	0.079	-0.605	-0.0655	0.217	0.295	-0.115	0.234	0.485	-0.122	0.43	-0.3565	-0.371	-0.208	-0.19	0.4285	-0.0195	-0.148	0.182	0.309	0.028	-0.313	0.317	NA	0.402	NA	0.114	0.314	NA	NA	0.265	0.097	0.032	NA	NA	0.088	0.031	0.267	0.085	0.253	NA	0.406	0.255	0.255	0.007	NA	NA	NA	NA	NA	0.209	0.29	NA	0.117	0.107	0.259	0.458	0.209	0.373	NA	0.233	NA	0.088	0.227	NA	0.016	NA	NA	NA	NA
NFIC_343s	NA	0.5215	NA	-0.361	-0.3535	NA	NA	-0.1645	0.416	0.214	NA	NA	0.375	-0.1525	0.117	-0.157	0.0955	NA	0.1045	0.021	-0.173	0.242	NA	NA	NA	NA	NA	0.082	0.2135	NA	-0.07	0.219	0.668	-0.5135	0.417	-0.62	NA	-0.2815	NA	0.491	0.3115	NA	0.193	NA	0.054	0.217	0.405	NA	0.507	NA	NA	0.336	NA	NA	0.613	NA	0.127	NA	NA	0.064	0.5	0.205	NA	0.207	NA	0.466	NA	0.081	0.328	NA	NA	NA	NA	NA	NA	0.295	NA	0.054	0.129	NA	0.095	0.228	NA	NA	0.129	NA	NA	0.695	NA	NA	NA	NA	NA	NA
